Koala/pre-analysis-corpus/Data_Analysis/1_2_heritability_LDSC_meta_GWAS.sh,Data_Analysis,19
Koala/pre-analysis-corpus/Data_Analysis/cellranger.v5.0.1.sh,Data_Analysis,4
Koala/pre-analysis-corpus/Data_Analysis/get_core_and_shell_kmers_pangenome.sh,Data_Analysis,46
Koala/pre-analysis-corpus/Data_Preprocessing/01.step1.sh,Data_Preprocessing,8
Koala/pre-analysis-corpus/Data_Preprocessing/09.two_step_LD_pruning.sh,Data_Preprocessing,11
Koala/pre-analysis-corpus/Data_Preprocessing/FluidigmAlleleCounter.sh,Data_Preprocessing,9
Koala/pre-analysis-corpus/Data_Preprocessing/megahit_loop.sh,Data_Preprocessing,19
Koala/pre-analysis-corpus/Data_Preprocessing/step1_1_megalodon.sh,Data_Preprocessing,8
Koala/pre-analysis-corpus/Environment_Setup/install_script.sh,Environment_Setup,61
Koala/pre-analysis-corpus/Environment_Setup/install.sh,Environment_Setup,7
Koala/pre-analysis-corpus/Environment_Setup/prebuild_prod.sh,Environment_Setup,47
Koala/pre-analysis-corpus/Testing/work.log.sh,Testing,4
Koala/pre-analysis-corpus/Utility/clean_up_files.sh,Utility,82
Koala/pre-analysis-corpus/Utility/compile.txt,Utility,322
Koala/pre-analysis-corpus/Utility/conversionRate_lambda.sh,Utility,9
Koala/pre-analysis-corpus/Utility/download_dsec.sh,Utility,11
Koala/pre-analysis-corpus/Utility/make_sample_cnv_bed_map.sh,Utility,47
Koala/pre-analysis-corpus/Utility/render_quarto_reports.sh,Utility,22
Koala/pre-analysis-corpus/Workflow_Automation/anat_highres_HCP_wrapper_par.sh,Workflow_Automation,129
Koala/pre-analysis-corpus/Workflow_Automation/auto_prepare.sh,Workflow_Automation,18
Koala/pre-analysis-corpus/Workflow_Automation/calling.sh,Workflow_Automation,82
Koala/pre-analysis-corpus/Workflow_Automation/doPostProcessV3.sh,Workflow_Automation,160
Koala/pre-analysis-corpus/Workflow_Automation/missing_link_finder_pipeline.sh,Workflow_Automation,12
Koala/pre-analysis-corpus/Workflow_Automation/Part2.Genome_catalog.sh,Workflow_Automation,70
Koala/pre-analysis-corpus/Workflow_Automation/qc2tsv.sh,Workflow_Automation,15
Koala/pre-analysis-corpus/Workflow_Automation/run_feature_experiment.sh,Workflow_Automation,14
Koala/pre-analysis-corpus/Workflow_Automation/run_mepp_analysis_on_fly_tss.sh,Workflow_Automation,44
Koala/pre-analysis-corpus/Workflow_Automation/run_scdemon_runs.sh,Workflow_Automation,23
Koala/pre-analysis-corpus/Workflow_Automation/slurmStats.sh,Workflow_Automation,274
Koala/pre-analysis-corpus/Workflow_Automation/sub_integration.sh,Workflow_Automation,10
