Koala/pre-analysis-corpus/Data_Analysis/1_2_heritability_LDSC_meta_GWAS.sh,Data_Analysis,variable_use:10
Koala/pre-analysis-corpus/Data_Analysis/cellranger.v5.0.1.sh,Data_Analysis,assignment:3;quoted_control:3;escaped_char:5;command(cellranger-6.0.2/cellranger):1;variable_use:3
Koala/pre-analysis-corpus/Data_Analysis/get_core_and_shell_kmers_pangenome.sh,Data_Analysis,assignment:5;dollar_paren_shell_control:2;command(date):2;command(echo):14;quoted_control:16;command(comm):6;file_redirection:14;variable_use:12;background:12;command(wait):5;command(cat):2;command(sort):2;pipeline:2;command(wc):4;escaped_char:81;command(rm):3;command(read):1;command(uniq):1;command(mv):3;subshell_command:2;while_command:1;redirection:1;command(cut):2;dollar_paren_paren_arith_control:1
Koala/pre-analysis-corpus/Data_Preprocessing/01.step1.sh,Data_Preprocessing,command(/liftOver):1;variable_use:3;for_command:1
Koala/pre-analysis-corpus/Data_Preprocessing/09.two_step_LD_pruning.sh,Data_Preprocessing,dollar_paren_shell_control:2;command(ls):1;assignment:1;command(basename):1;variable_use:14;command(cut):1;quoted_control:2;pipeline:1;command(echo):1;file_redirection:1;escaped_char:81;for_command:1
Koala/pre-analysis-corpus/Data_Preprocessing/FluidigmAlleleCounter.sh,Data_Preprocessing,assignment:2;variable_use:8;dollar_paren_shell_control:1;command(ls):1;command(echo):1;command(alleleCounter):1;for_command:1
Koala/pre-analysis-corpus/Data_Preprocessing/megahit_loop.sh,Data_Preprocessing,dollar_paren_shell_control:1;file_redirection:3;variable_use:13;command(cd):5;quoted_control:13;command(mkdir):4;command(gunzip):1;command(/ORG-Data/scripts/deinterleave_fastq.sh):1;command(sickle):1;command(mv):1;command(megahit):1;for_command:1;command(echo):1
Koala/pre-analysis-corpus/Data_Preprocessing/step1_1_megalodon.sh,Data_Preprocessing,assignment:3;command(megalodon):1;variable_use:3
Koala/pre-analysis-corpus/Environment_Setup/install_script.sh,Environment_Setup,command(return):1;file_redirection:1;subshell_command:1;assignment:8;if_command:7;command(test):1;variable_use:25;case_command:1;quoted_control:27;command(echo):12;escaped_char:28;command(shift):2;while_command:1;command([):3;and_command:1;dollar_paren_shell_control:3;command(conda):4;command(grep):1;pipeline:1;command([[):4;command(command):1;command(source):1;command(which):1;command(model_angelo):2
Koala/pre-analysis-corpus/Environment_Setup/install.sh,Environment_Setup,command(mkdir):1;home_tilde_control:3;command(virtualenv):1;command(source):1;command(pip3):4
Koala/pre-analysis-corpus/Environment_Setup/prebuild_prod.sh,Environment_Setup,
Koala/pre-analysis-corpus/Testing/work.log.sh,Testing,command(time):4
Koala/pre-analysis-corpus/Utility/clean_up_files.sh,Utility,assignment:2;variable_use:96;command([):2;quoted_control:4;command(echo):2;command(rm):31;command(mv):42;if_command:2
Koala/pre-analysis-corpus/Utility/compile.txt,Utility,assignment:55;quoted_control:92;variable_use:126;case_command:8;command(test):15;dollar_paren_shell_control:6;command(uname):1;if_command:13;command(cmd):1;command(sed):3;escaped_char:39;pipeline:3;command(cygpath):1;command(echo):6;or_command:5;command(winepath):1;function_command:4;command(func_file_conv):7;and_command:1;command(break):4;for_command:4;command(set):13;command(shift):15;command(func_cl_dashl):2;command(func_cl_dashL):2;command(exec):2;command(exit):5;dup_redirection:2;command(cat):1;heredoc_redirection:1;command(func_cl_wrapper):1;command(true):1;command(mkdir):1;file_redirection:1;command(sleep):1;while_command:1;command(trap):1;command(mv):2;command(rmdir):1
Koala/pre-analysis-corpus/Utility/conversionRate_lambda.sh,Utility,assignment:3;variable_use:8;command(echo):2;file_redirection:2;quoted_control:5;escaped_char:4;dollar_paren_shell_control:4;command(find):1;command(basename):1;command(dirname):1;command(sed):1;command(awk):1;pipeline:1;for_command:1
Koala/pre-analysis-corpus/Utility/download_dsec.sh,Utility,assignment:2;variable_use:11;command(mkdir):1;command(cd):1;command(exit):1;or_command:1;quoted_control:3;command(wget):1;command(unzip):1;command(rm):1;for_command:2
Koala/pre-analysis-corpus/Utility/make_sample_cnv_bed_map.sh,Utility,
Koala/pre-analysis-corpus/Utility/render_quarto_reports.sh,Utility,command(set):1;command(quarto):6
Koala/pre-analysis-corpus/Workflow_Automation/anat_highres_HCP_wrapper_par.sh,Workflow_Automation,assignment:53;variable_use:116;command(export):1;command([):3;quoted_control:105;escaped_char:39;if_command:3;command(source):1;command(echo):6;command(rm):2;file_redirection:7;dup_redirection:4;dollar_paren_shell_control:4;command(ls):2;for_command:2;command(mkdir):1;command(mv):3
Koala/pre-analysis-corpus/Workflow_Automation/auto_prepare.sh,Workflow_Automation,command([):3;variable_use:11;or_command:1;command(echo):1;quoted_control:6;escaped_char:10;command(exit):1;if_command:2;assignment:8;dollar_paren_shell_control:4;command(readlink):4;command(cd):1;command(./cosigt_prepare.sh):1
Koala/pre-analysis-corpus/Workflow_Automation/calling.sh,Workflow_Automation,command(set):1;command(source):1;command(module):2;assignment:26;variable_use:71;command(squeue):1;file_redirection:1;quoted_control:28;command(grep):4;command(cut):1;command(tr):1;escaped_char:42;command(sed):1;pipeline:6;command(rm):1;function_command:1;command([):1;command(echo):6;dup_redirection:2;command(exit):1;if_command:3;dollar_paren_shell_control:8;command(realpath):1;command(dirname):1;command(bash):1;command(awk):5;command(read):1;command([[):3;home_tilde_control:1;command(continue):1;and_command:1;command(sbatch):3;command(slurm_name_to_ids):1;while_command:1;redirection:1
Koala/pre-analysis-corpus/Workflow_Automation/doPostProcessV3.sh,Workflow_Automation,assignment:28;quoted_control:72;dollar_paren_shell_control:11;command(cd):1;command(dirname):1;variable_use:101;command(pwd):1;and_command:1;command(git):1;escaped_char:101;command(export):1;command(unset):1;command(echo):39;command([):14;command(exit):7;if_command:14;command(.):1;command(uuidgen):1;command(perl):2;pipeline:11;command(head):3;command(fgrep):4;command(awk):5;command(bsub):6;command(ls):3;home_tilde_control:1;command(cat):5;file_redirection:5;command(cut):1;command(sort):1;command(uniq):1;command(wc):1;command(egrep):1;command(tr):1;command(cp):2;command(/juno/work/bic/socci/opt/common/CentOS_7/R/R-4.1.2/bin/Rscript):1;background:1
Koala/pre-analysis-corpus/Workflow_Automation/missing_link_finder_pipeline.sh,Workflow_Automation,command(java):1;variable_use:13;command(zcat):1;command(jellyfish):2;pipeline:5;command(sed):3;quoted_control:9;escaped_char:14;command(sort):1;file_redirection:2;command(wc):1;assignment:6;dollar_paren_shell_control:4;command(cat):1;command(/usr/bin/nice):3;command(cut):2;dollar_paren_paren_arith_control:2;command(echo):2;command(bc):1;for_command:1
Koala/pre-analysis-corpus/Workflow_Automation/Part2.Genome_catalog.sh,Workflow_Automation,assignment:18;quoted_control:5;command(eval):3;variable_use:78;command([):9;command(mkdir):4;if_command:9;command(dRep):2;command(ls):2;file_redirection:12;and_command:11;command(grep):4;command(touch):5;command(echo):3;command(exit):3;command(cat):2;command(export):1;command(gtdbtk):1;command(gunzip):2;command(chmod):2
Koala/pre-analysis-corpus/Workflow_Automation/qc2tsv.sh,Workflow_Automation,command(set):1;command(trap):1;quoted_control:10;escaped_char:2;assignment:3;variable_use:9;dollar_paren_shell_control:1;command(openssl):1;command(mkdir):1;command(cd):2;command(exit):1;or_command:1;command(gsutil):2;file_redirection:2;command(echo):2;command(qc2tsv):1;command(rm):1
Koala/pre-analysis-corpus/Workflow_Automation/run_feature_experiment.sh,Workflow_Automation,assignment:1;dollar_paren_shell_control:2;command(cd):2;quoted_control:4;command(dirname):1;variable_use:5;escaped_char:1;command(pwd):1;command(python3.10):1;for_command:2
Koala/pre-analysis-corpus/Workflow_Automation/run_mepp_analysis_on_fly_tss.sh,Workflow_Automation,assignment:9;quoted_control:16;escaped_char:28;variable_use:28;dollar_paren_shell_control:1;command(basename):1;command(echo):1;command(wget):1;command(zcat):1;file_redirection:5;command(samtools):1;command(cat):3;command(awk):4;command(bedtools):4;pipeline:4;command(sort):1;command(cut):1;command(python):3
Koala/pre-analysis-corpus/Workflow_Automation/run_scdemon_runs.sh,Workflow_Automation,
Koala/pre-analysis-corpus/Workflow_Automation/slurmStats.sh,Workflow_Automation,
Koala/pre-analysis-corpus/Workflow_Automation/sub_integration.sh,Workflow_Automation,command(module):2;assignment:7;command(Rscript):1;variable_use:6
